{
  "MIN_outlier_value" : -70.65632965144046,
  "MAX_outlier_value" : 75.88103000169518,
  "SYSTEM_STATE" : "Development"
}